,name,constraint,owner
0,QCD_Fail_LOW_bin_1-1,flatParam,QCD_Fail
1,QCD_Fail_LOW_bin_2-1,flatParam,QCD_Fail
2,QCD_Fail_LOW_bin_3-1,flatParam,QCD_Fail
3,QCD_Fail_LOW_bin_4-1,flatParam,QCD_Fail
4,QCD_Fail_LOW_bin_5-1,flatParam,QCD_Fail
5,QCD_Fail_LOW_bin_1-2,flatParam,QCD_Fail
6,QCD_Fail_LOW_bin_2-2,flatParam,QCD_Fail
7,QCD_Fail_LOW_bin_3-2,flatParam,QCD_Fail
8,QCD_Fail_LOW_bin_4-2,flatParam,QCD_Fail
9,QCD_Fail_LOW_bin_5-2,flatParam,QCD_Fail
10,QCD_Fail_LOW_bin_1-3,flatParam,QCD_Fail
11,QCD_Fail_LOW_bin_2-3,flatParam,QCD_Fail
12,QCD_Fail_LOW_bin_3-3,flatParam,QCD_Fail
13,QCD_Fail_LOW_bin_4-3,flatParam,QCD_Fail
14,QCD_Fail_LOW_bin_5-3,flatParam,QCD_Fail
15,QCD_Fail_LOW_bin_1-4,flatParam,QCD_Fail
16,QCD_Fail_LOW_bin_2-4,flatParam,QCD_Fail
17,QCD_Fail_LOW_bin_3-4,flatParam,QCD_Fail
18,QCD_Fail_LOW_bin_4-4,flatParam,QCD_Fail
19,QCD_Fail_LOW_bin_5-4,flatParam,QCD_Fail
20,QCD_Fail_LOW_bin_1-5,flatParam,QCD_Fail
21,QCD_Fail_LOW_bin_2-5,flatParam,QCD_Fail
22,QCD_Fail_LOW_bin_3-5,flatParam,QCD_Fail
23,QCD_Fail_LOW_bin_4-5,flatParam,QCD_Fail
24,QCD_Fail_LOW_bin_5-5,flatParam,QCD_Fail
25,QCD_Fail_LOW_bin_1-6,flatParam,QCD_Fail
26,QCD_Fail_LOW_bin_2-6,flatParam,QCD_Fail
27,QCD_Fail_LOW_bin_3-6,flatParam,QCD_Fail
28,QCD_Fail_LOW_bin_4-6,flatParam,QCD_Fail
29,QCD_Fail_LOW_bin_5-6,flatParam,QCD_Fail
30,QCD_Fail_LOW_bin_1-7,flatParam,QCD_Fail
31,QCD_Fail_LOW_bin_2-7,flatParam,QCD_Fail
32,QCD_Fail_LOW_bin_3-7,flatParam,QCD_Fail
33,QCD_Fail_LOW_bin_4-7,flatParam,QCD_Fail
34,QCD_Fail_LOW_bin_5-7,flatParam,QCD_Fail
35,QCD_Fail_LOW_bin_1-8,flatParam,QCD_Fail
36,QCD_Fail_LOW_bin_2-8,flatParam,QCD_Fail
37,QCD_Fail_LOW_bin_3-8,flatParam,QCD_Fail
38,QCD_Fail_LOW_bin_4-8,flatParam,QCD_Fail
39,QCD_Fail_LOW_bin_5-8,flatParam,QCD_Fail
40,QCD_Fail_SIG_bin_1-1,flatParam,QCD_Fail
41,QCD_Fail_SIG_bin_2-1,flatParam,QCD_Fail
42,QCD_Fail_SIG_bin_3-1,flatParam,QCD_Fail
43,QCD_Fail_SIG_bin_4-1,flatParam,QCD_Fail
44,QCD_Fail_SIG_bin_1-2,flatParam,QCD_Fail
45,QCD_Fail_SIG_bin_2-2,flatParam,QCD_Fail
46,QCD_Fail_SIG_bin_3-2,flatParam,QCD_Fail
47,QCD_Fail_SIG_bin_4-2,flatParam,QCD_Fail
48,QCD_Fail_SIG_bin_1-3,flatParam,QCD_Fail
49,QCD_Fail_SIG_bin_2-3,flatParam,QCD_Fail
50,QCD_Fail_SIG_bin_3-3,flatParam,QCD_Fail
51,QCD_Fail_SIG_bin_4-3,flatParam,QCD_Fail
52,QCD_Fail_SIG_bin_1-4,flatParam,QCD_Fail
53,QCD_Fail_SIG_bin_2-4,flatParam,QCD_Fail
54,QCD_Fail_SIG_bin_3-4,flatParam,QCD_Fail
55,QCD_Fail_SIG_bin_4-4,flatParam,QCD_Fail
56,QCD_Fail_SIG_bin_1-5,flatParam,QCD_Fail
57,QCD_Fail_SIG_bin_2-5,flatParam,QCD_Fail
58,QCD_Fail_SIG_bin_3-5,flatParam,QCD_Fail
59,QCD_Fail_SIG_bin_4-5,flatParam,QCD_Fail
60,QCD_Fail_SIG_bin_1-6,flatParam,QCD_Fail
61,QCD_Fail_SIG_bin_2-6,flatParam,QCD_Fail
62,QCD_Fail_SIG_bin_3-6,flatParam,QCD_Fail
63,QCD_Fail_SIG_bin_4-6,flatParam,QCD_Fail
64,QCD_Fail_SIG_bin_1-7,flatParam,QCD_Fail
65,QCD_Fail_SIG_bin_2-7,flatParam,QCD_Fail
66,QCD_Fail_SIG_bin_3-7,flatParam,QCD_Fail
67,QCD_Fail_SIG_bin_4-7,flatParam,QCD_Fail
68,QCD_Fail_SIG_bin_1-8,flatParam,QCD_Fail
69,QCD_Fail_SIG_bin_2-8,flatParam,QCD_Fail
70,QCD_Fail_SIG_bin_3-8,flatParam,QCD_Fail
71,QCD_Fail_SIG_bin_4-8,flatParam,QCD_Fail
72,QCD_Fail_HIGH_bin_1-1,flatParam,QCD_Fail
73,QCD_Fail_HIGH_bin_2-1,flatParam,QCD_Fail
74,QCD_Fail_HIGH_bin_3-1,flatParam,QCD_Fail
75,QCD_Fail_HIGH_bin_4-1,flatParam,QCD_Fail
76,QCD_Fail_HIGH_bin_5-1,flatParam,QCD_Fail
77,QCD_Fail_HIGH_bin_6-1,flatParam,QCD_Fail
78,QCD_Fail_HIGH_bin_7-1,flatParam,QCD_Fail
79,QCD_Fail_HIGH_bin_8-1,flatParam,QCD_Fail
80,QCD_Fail_HIGH_bin_9-1,flatParam,QCD_Fail
81,QCD_Fail_HIGH_bin_1-2,flatParam,QCD_Fail
82,QCD_Fail_HIGH_bin_2-2,flatParam,QCD_Fail
83,QCD_Fail_HIGH_bin_3-2,flatParam,QCD_Fail
84,QCD_Fail_HIGH_bin_4-2,flatParam,QCD_Fail
85,QCD_Fail_HIGH_bin_5-2,flatParam,QCD_Fail
86,QCD_Fail_HIGH_bin_6-2,flatParam,QCD_Fail
87,QCD_Fail_HIGH_bin_7-2,flatParam,QCD_Fail
88,QCD_Fail_HIGH_bin_8-2,flatParam,QCD_Fail
89,QCD_Fail_HIGH_bin_9-2,flatParam,QCD_Fail
90,QCD_Fail_HIGH_bin_10-2,flatParam,QCD_Fail
91,QCD_Fail_HIGH_bin_1-3,flatParam,QCD_Fail
92,QCD_Fail_HIGH_bin_2-3,flatParam,QCD_Fail
93,QCD_Fail_HIGH_bin_3-3,flatParam,QCD_Fail
94,QCD_Fail_HIGH_bin_4-3,flatParam,QCD_Fail
95,QCD_Fail_HIGH_bin_5-3,flatParam,QCD_Fail
96,QCD_Fail_HIGH_bin_6-3,flatParam,QCD_Fail
97,QCD_Fail_HIGH_bin_7-3,flatParam,QCD_Fail
98,QCD_Fail_HIGH_bin_8-3,flatParam,QCD_Fail
99,QCD_Fail_HIGH_bin_9-3,flatParam,QCD_Fail
100,QCD_Fail_HIGH_bin_10-3,flatParam,QCD_Fail
101,QCD_Fail_HIGH_bin_1-4,flatParam,QCD_Fail
102,QCD_Fail_HIGH_bin_2-4,flatParam,QCD_Fail
103,QCD_Fail_HIGH_bin_3-4,flatParam,QCD_Fail
104,QCD_Fail_HIGH_bin_4-4,flatParam,QCD_Fail
105,QCD_Fail_HIGH_bin_5-4,flatParam,QCD_Fail
106,QCD_Fail_HIGH_bin_6-4,flatParam,QCD_Fail
107,QCD_Fail_HIGH_bin_7-4,flatParam,QCD_Fail
108,QCD_Fail_HIGH_bin_8-4,flatParam,QCD_Fail
109,QCD_Fail_HIGH_bin_9-4,flatParam,QCD_Fail
110,QCD_Fail_HIGH_bin_10-4,flatParam,QCD_Fail
111,QCD_Fail_HIGH_bin_1-5,flatParam,QCD_Fail
112,QCD_Fail_HIGH_bin_2-5,flatParam,QCD_Fail
113,QCD_Fail_HIGH_bin_3-5,flatParam,QCD_Fail
114,QCD_Fail_HIGH_bin_4-5,flatParam,QCD_Fail
115,QCD_Fail_HIGH_bin_5-5,flatParam,QCD_Fail
116,QCD_Fail_HIGH_bin_6-5,flatParam,QCD_Fail
117,QCD_Fail_HIGH_bin_7-5,flatParam,QCD_Fail
118,QCD_Fail_HIGH_bin_8-5,flatParam,QCD_Fail
119,QCD_Fail_HIGH_bin_9-5,flatParam,QCD_Fail
120,QCD_Fail_HIGH_bin_10-5,flatParam,QCD_Fail
121,QCD_Fail_HIGH_bin_1-6,flatParam,QCD_Fail
122,QCD_Fail_HIGH_bin_2-6,flatParam,QCD_Fail
123,QCD_Fail_HIGH_bin_3-6,flatParam,QCD_Fail
124,QCD_Fail_HIGH_bin_4-6,flatParam,QCD_Fail
125,QCD_Fail_HIGH_bin_5-6,flatParam,QCD_Fail
126,QCD_Fail_HIGH_bin_6-6,flatParam,QCD_Fail
127,QCD_Fail_HIGH_bin_7-6,flatParam,QCD_Fail
128,QCD_Fail_HIGH_bin_8-6,flatParam,QCD_Fail
129,QCD_Fail_HIGH_bin_9-6,flatParam,QCD_Fail
130,QCD_Fail_HIGH_bin_10-6,flatParam,QCD_Fail
131,QCD_Fail_HIGH_bin_1-7,flatParam,QCD_Fail
132,QCD_Fail_HIGH_bin_2-7,flatParam,QCD_Fail
133,QCD_Fail_HIGH_bin_3-7,flatParam,QCD_Fail
134,QCD_Fail_HIGH_bin_4-7,flatParam,QCD_Fail
135,QCD_Fail_HIGH_bin_5-7,flatParam,QCD_Fail
136,QCD_Fail_HIGH_bin_6-7,flatParam,QCD_Fail
137,QCD_Fail_HIGH_bin_7-7,flatParam,QCD_Fail
138,QCD_Fail_HIGH_bin_8-7,flatParam,QCD_Fail
139,QCD_Fail_HIGH_bin_9-7,flatParam,QCD_Fail
140,QCD_Fail_HIGH_bin_10-7,flatParam,QCD_Fail
141,QCD_Fail_HIGH_bin_1-8,flatParam,QCD_Fail
142,QCD_Fail_HIGH_bin_2-8,flatParam,QCD_Fail
143,QCD_Fail_HIGH_bin_3-8,flatParam,QCD_Fail
144,QCD_Fail_HIGH_bin_4-8,flatParam,QCD_Fail
145,QCD_Fail_HIGH_bin_5-8,flatParam,QCD_Fail
146,QCD_Fail_HIGH_bin_6-8,flatParam,QCD_Fail
147,QCD_Fail_HIGH_bin_7-8,flatParam,QCD_Fail
148,QCD_Fail_HIGH_bin_8-8,flatParam,QCD_Fail
149,QCD_Fail_HIGH_bin_9-8,flatParam,QCD_Fail
150,QCD_Fail_HIGH_bin_10-8,flatParam,QCD_Fail
151,QCD_Fail_LOW_bin_1-1,flatParam,QCD_Pass
152,QCD_Fail_LOW_bin_2-1,flatParam,QCD_Pass
153,QCD_Fail_LOW_bin_3-1,flatParam,QCD_Pass
154,QCD_Fail_LOW_bin_4-1,flatParam,QCD_Pass
155,QCD_Fail_LOW_bin_5-1,flatParam,QCD_Pass
156,QCD_Fail_LOW_bin_1-2,flatParam,QCD_Pass
157,QCD_Fail_LOW_bin_2-2,flatParam,QCD_Pass
158,QCD_Fail_LOW_bin_3-2,flatParam,QCD_Pass
159,QCD_Fail_LOW_bin_4-2,flatParam,QCD_Pass
160,QCD_Fail_LOW_bin_5-2,flatParam,QCD_Pass
161,QCD_Fail_LOW_bin_1-3,flatParam,QCD_Pass
162,QCD_Fail_LOW_bin_2-3,flatParam,QCD_Pass
163,QCD_Fail_LOW_bin_3-3,flatParam,QCD_Pass
164,QCD_Fail_LOW_bin_4-3,flatParam,QCD_Pass
165,QCD_Fail_LOW_bin_5-3,flatParam,QCD_Pass
166,QCD_Fail_LOW_bin_1-4,flatParam,QCD_Pass
167,QCD_Fail_LOW_bin_2-4,flatParam,QCD_Pass
168,QCD_Fail_LOW_bin_3-4,flatParam,QCD_Pass
169,QCD_Fail_LOW_bin_4-4,flatParam,QCD_Pass
170,QCD_Fail_LOW_bin_5-4,flatParam,QCD_Pass
171,QCD_Fail_LOW_bin_1-5,flatParam,QCD_Pass
172,QCD_Fail_LOW_bin_2-5,flatParam,QCD_Pass
173,QCD_Fail_LOW_bin_3-5,flatParam,QCD_Pass
174,QCD_Fail_LOW_bin_4-5,flatParam,QCD_Pass
175,QCD_Fail_LOW_bin_5-5,flatParam,QCD_Pass
176,QCD_Fail_LOW_bin_1-6,flatParam,QCD_Pass
177,QCD_Fail_LOW_bin_2-6,flatParam,QCD_Pass
178,QCD_Fail_LOW_bin_3-6,flatParam,QCD_Pass
179,QCD_Fail_LOW_bin_4-6,flatParam,QCD_Pass
180,QCD_Fail_LOW_bin_5-6,flatParam,QCD_Pass
181,QCD_Fail_LOW_bin_1-7,flatParam,QCD_Pass
182,QCD_Fail_LOW_bin_2-7,flatParam,QCD_Pass
183,QCD_Fail_LOW_bin_3-7,flatParam,QCD_Pass
184,QCD_Fail_LOW_bin_4-7,flatParam,QCD_Pass
185,QCD_Fail_LOW_bin_5-7,flatParam,QCD_Pass
186,QCD_Fail_LOW_bin_1-8,flatParam,QCD_Pass
187,QCD_Fail_LOW_bin_2-8,flatParam,QCD_Pass
188,QCD_Fail_LOW_bin_3-8,flatParam,QCD_Pass
189,QCD_Fail_LOW_bin_4-8,flatParam,QCD_Pass
190,QCD_Fail_LOW_bin_5-8,flatParam,QCD_Pass
191,QCD_Fail_SIG_bin_1-1,flatParam,QCD_Pass
192,QCD_Fail_SIG_bin_2-1,flatParam,QCD_Pass
193,QCD_Fail_SIG_bin_3-1,flatParam,QCD_Pass
194,QCD_Fail_SIG_bin_4-1,flatParam,QCD_Pass
195,QCD_Fail_SIG_bin_1-2,flatParam,QCD_Pass
196,QCD_Fail_SIG_bin_2-2,flatParam,QCD_Pass
197,QCD_Fail_SIG_bin_3-2,flatParam,QCD_Pass
198,QCD_Fail_SIG_bin_4-2,flatParam,QCD_Pass
199,QCD_Fail_SIG_bin_1-3,flatParam,QCD_Pass
200,QCD_Fail_SIG_bin_2-3,flatParam,QCD_Pass
201,QCD_Fail_SIG_bin_3-3,flatParam,QCD_Pass
202,QCD_Fail_SIG_bin_4-3,flatParam,QCD_Pass
203,QCD_Fail_SIG_bin_1-4,flatParam,QCD_Pass
204,QCD_Fail_SIG_bin_2-4,flatParam,QCD_Pass
205,QCD_Fail_SIG_bin_3-4,flatParam,QCD_Pass
206,QCD_Fail_SIG_bin_4-4,flatParam,QCD_Pass
207,QCD_Fail_SIG_bin_1-5,flatParam,QCD_Pass
208,QCD_Fail_SIG_bin_2-5,flatParam,QCD_Pass
209,QCD_Fail_SIG_bin_3-5,flatParam,QCD_Pass
210,QCD_Fail_SIG_bin_4-5,flatParam,QCD_Pass
211,QCD_Fail_SIG_bin_1-6,flatParam,QCD_Pass
212,QCD_Fail_SIG_bin_2-6,flatParam,QCD_Pass
213,QCD_Fail_SIG_bin_3-6,flatParam,QCD_Pass
214,QCD_Fail_SIG_bin_4-6,flatParam,QCD_Pass
215,QCD_Fail_SIG_bin_1-7,flatParam,QCD_Pass
216,QCD_Fail_SIG_bin_2-7,flatParam,QCD_Pass
217,QCD_Fail_SIG_bin_3-7,flatParam,QCD_Pass
218,QCD_Fail_SIG_bin_4-7,flatParam,QCD_Pass
219,QCD_Fail_SIG_bin_1-8,flatParam,QCD_Pass
220,QCD_Fail_SIG_bin_2-8,flatParam,QCD_Pass
221,QCD_Fail_SIG_bin_3-8,flatParam,QCD_Pass
222,QCD_Fail_SIG_bin_4-8,flatParam,QCD_Pass
223,QCD_Fail_HIGH_bin_1-1,flatParam,QCD_Pass
224,QCD_Fail_HIGH_bin_2-1,flatParam,QCD_Pass
225,QCD_Fail_HIGH_bin_3-1,flatParam,QCD_Pass
226,QCD_Fail_HIGH_bin_4-1,flatParam,QCD_Pass
227,QCD_Fail_HIGH_bin_5-1,flatParam,QCD_Pass
228,QCD_Fail_HIGH_bin_6-1,flatParam,QCD_Pass
229,QCD_Fail_HIGH_bin_7-1,flatParam,QCD_Pass
230,QCD_Fail_HIGH_bin_8-1,flatParam,QCD_Pass
231,QCD_Fail_HIGH_bin_9-1,flatParam,QCD_Pass
232,QCD_Fail_HIGH_bin_1-2,flatParam,QCD_Pass
233,QCD_Fail_HIGH_bin_2-2,flatParam,QCD_Pass
234,QCD_Fail_HIGH_bin_3-2,flatParam,QCD_Pass
235,QCD_Fail_HIGH_bin_4-2,flatParam,QCD_Pass
236,QCD_Fail_HIGH_bin_5-2,flatParam,QCD_Pass
237,QCD_Fail_HIGH_bin_6-2,flatParam,QCD_Pass
238,QCD_Fail_HIGH_bin_7-2,flatParam,QCD_Pass
239,QCD_Fail_HIGH_bin_8-2,flatParam,QCD_Pass
240,QCD_Fail_HIGH_bin_9-2,flatParam,QCD_Pass
241,QCD_Fail_HIGH_bin_10-2,flatParam,QCD_Pass
242,QCD_Fail_HIGH_bin_1-3,flatParam,QCD_Pass
243,QCD_Fail_HIGH_bin_2-3,flatParam,QCD_Pass
244,QCD_Fail_HIGH_bin_3-3,flatParam,QCD_Pass
245,QCD_Fail_HIGH_bin_4-3,flatParam,QCD_Pass
246,QCD_Fail_HIGH_bin_5-3,flatParam,QCD_Pass
247,QCD_Fail_HIGH_bin_6-3,flatParam,QCD_Pass
248,QCD_Fail_HIGH_bin_7-3,flatParam,QCD_Pass
249,QCD_Fail_HIGH_bin_8-3,flatParam,QCD_Pass
250,QCD_Fail_HIGH_bin_9-3,flatParam,QCD_Pass
251,QCD_Fail_HIGH_bin_10-3,flatParam,QCD_Pass
252,QCD_Fail_HIGH_bin_1-4,flatParam,QCD_Pass
253,QCD_Fail_HIGH_bin_2-4,flatParam,QCD_Pass
254,QCD_Fail_HIGH_bin_3-4,flatParam,QCD_Pass
255,QCD_Fail_HIGH_bin_4-4,flatParam,QCD_Pass
256,QCD_Fail_HIGH_bin_5-4,flatParam,QCD_Pass
257,QCD_Fail_HIGH_bin_6-4,flatParam,QCD_Pass
258,QCD_Fail_HIGH_bin_7-4,flatParam,QCD_Pass
259,QCD_Fail_HIGH_bin_8-4,flatParam,QCD_Pass
260,QCD_Fail_HIGH_bin_9-4,flatParam,QCD_Pass
261,QCD_Fail_HIGH_bin_10-4,flatParam,QCD_Pass
262,QCD_Fail_HIGH_bin_1-5,flatParam,QCD_Pass
263,QCD_Fail_HIGH_bin_2-5,flatParam,QCD_Pass
264,QCD_Fail_HIGH_bin_3-5,flatParam,QCD_Pass
265,QCD_Fail_HIGH_bin_4-5,flatParam,QCD_Pass
266,QCD_Fail_HIGH_bin_5-5,flatParam,QCD_Pass
267,QCD_Fail_HIGH_bin_6-5,flatParam,QCD_Pass
268,QCD_Fail_HIGH_bin_7-5,flatParam,QCD_Pass
269,QCD_Fail_HIGH_bin_8-5,flatParam,QCD_Pass
270,QCD_Fail_HIGH_bin_9-5,flatParam,QCD_Pass
271,QCD_Fail_HIGH_bin_10-5,flatParam,QCD_Pass
272,QCD_Fail_HIGH_bin_1-6,flatParam,QCD_Pass
273,QCD_Fail_HIGH_bin_2-6,flatParam,QCD_Pass
274,QCD_Fail_HIGH_bin_3-6,flatParam,QCD_Pass
275,QCD_Fail_HIGH_bin_4-6,flatParam,QCD_Pass
276,QCD_Fail_HIGH_bin_5-6,flatParam,QCD_Pass
277,QCD_Fail_HIGH_bin_6-6,flatParam,QCD_Pass
278,QCD_Fail_HIGH_bin_7-6,flatParam,QCD_Pass
279,QCD_Fail_HIGH_bin_8-6,flatParam,QCD_Pass
280,QCD_Fail_HIGH_bin_9-6,flatParam,QCD_Pass
281,QCD_Fail_HIGH_bin_10-6,flatParam,QCD_Pass
282,QCD_Fail_HIGH_bin_1-7,flatParam,QCD_Pass
283,QCD_Fail_HIGH_bin_2-7,flatParam,QCD_Pass
284,QCD_Fail_HIGH_bin_3-7,flatParam,QCD_Pass
285,QCD_Fail_HIGH_bin_4-7,flatParam,QCD_Pass
286,QCD_Fail_HIGH_bin_5-7,flatParam,QCD_Pass
287,QCD_Fail_HIGH_bin_6-7,flatParam,QCD_Pass
288,QCD_Fail_HIGH_bin_7-7,flatParam,QCD_Pass
289,QCD_Fail_HIGH_bin_8-7,flatParam,QCD_Pass
290,QCD_Fail_HIGH_bin_9-7,flatParam,QCD_Pass
291,QCD_Fail_HIGH_bin_10-7,flatParam,QCD_Pass
292,QCD_Fail_HIGH_bin_1-8,flatParam,QCD_Pass
293,QCD_Fail_HIGH_bin_2-8,flatParam,QCD_Pass
294,QCD_Fail_HIGH_bin_3-8,flatParam,QCD_Pass
295,QCD_Fail_HIGH_bin_4-8,flatParam,QCD_Pass
296,QCD_Fail_HIGH_bin_5-8,flatParam,QCD_Pass
297,QCD_Fail_HIGH_bin_6-8,flatParam,QCD_Pass
298,QCD_Fail_HIGH_bin_7-8,flatParam,QCD_Pass
299,QCD_Fail_HIGH_bin_8-8,flatParam,QCD_Pass
300,QCD_Fail_HIGH_bin_9-8,flatParam,QCD_Pass
301,QCD_Fail_HIGH_bin_10-8,flatParam,QCD_Pass
302,QCD_rpf_par0,flatParam,QCD_Pass
303,QCD_rpf_par1,flatParam,QCD_Pass
304,QCD_rpf_par2,flatParam,QCD_Pass
305,QCD_rpf_par3,flatParam,QCD_Pass
306,QCD_rpf_par4,flatParam,QCD_Pass
307,QCD_rpf_par5,flatParam,QCD_Pass
